word_count,avg_sentence_length,keyword_relevance_score,education_level,years_experience,skills_count,certification_count,project_count,grammar_score,formatting_score,has_gpa,has_linkedin,has_portfolio,resume_score
362.1780831931537,18.963234280394904,0.2573629895128267,4,16.05930394357775,9,2,16,0.8668151458867919,0.5934280131314849,0,0,1,60.096718267721776
765.5000144869413,15.721927326882408,0.5606158052716044,2,6.456056160517125,9,4,11,0.856510798558469,0.4177425590365627,0,1,1,60.69747722573858
612.3957592679835,11.190552325726555,0.842003960494947,2,0.3636232393167982,4,2,15,0.5126334434153512,0.9155311509749318,1,0,1,46.25460980317384
519.0609389379256,21.275900394138972,0.722391153448127,4,7.236043727986244,3,8,14,0.45303096819071126,0.6899283592925245,1,0,1,50.125024015013935
209.21304830970556,18.694623451077586,0.7855769756822322,1,29.276212647301612,17,8,12,0.8193692970924313,0.4619664454637936,0,0,0,68.50111073957444
209.19616423534185,8.252338786897827,0.6599658617041098,1,24.046113356489688,2,5,0,0.6210083282766108,0.6516991010164634,1,1,1,60.972094933893004
140.65852851773963,23.21854368987685,0.6884350798401746,2,28.787299329631,24,0,16,0.6594077358420084,0.8120404517921811,1,1,0,67.69656345007812
706.3233020424547,21.45074485846338,0.8218163038305214,1,14.635621317790873,1,6,2,0.41868945567603466,0.9706826062436036,0,0,1,52.97500127521748
520.7805082202462,23.99599826583848,0.31221780753030803,4,3.292085960325105,8,6,14,0.5557458695650295,0.4543122029717932,1,1,0,46.040496215823524
595.6508044572319,19.5143901677672,0.5160112190966694,1,16.43878466921079,13,9,3,0.42020584232467845,0.9203272404905416,0,0,1,43.62883178562158
114.40914600706171,17.268303918715798,0.2880280255466619,2,13.631320036798826,23,9,3,0.9275114635607485,0.9540128799172432,0,0,0,54.25015629998828
778.936896513396,13.364860725812377,0.9395178067971499,4,25.330712482188478,15,3,17,0.5460380099311183,0.9414943811724463,0,1,1,81.54001239588631
682.7098485602952,23.654569667080267,0.9024504387336212,1,2.942477423527338,8,7,16,0.7344023017438048,0.7447900498033369,0,1,1,54.273920999004766
248.6373774747933,22.321277790008168,0.13351278966323002,3,14.647234110653345,12,5,18,0.4233875923966783,0.7408744581042954,1,1,0,43.70737609773917
227.27747704497045,5.904373402123788,0.6997388966383351,4,4.501459940819528,22,3,10,0.8001084347833949,0.5822474432286759,0,0,1,69.20950429644753
228.38315689740367,5.5273394899450405,0.886461069803316,4,9.7402778067018,12,3,19,0.5938164074524563,0.8266785176126514,1,0,1,65.30779528392922
312.9695700716764,12.529267337560992,0.2534890433582335,3,22.120712321633988,14,1,2,0.9387515121745995,0.6719058128456523,0,1,1,57.24262634330987
467.32950214256647,21.211066615636657,0.582753445969735,3,14.280543881062997,15,1,7,0.9328709133604215,0.7742066498598061,0,0,0,67.58567325099295
402.36151304948106,24.74552258629889,0.8781650529498355,4,11.27664855437308,15,3,13,0.5951743710170487,0.5999205326941568,1,1,1,73.45872813467221
303.8603981386293,8.008337822070564,0.128854081797929,3,11.834288357101059,9,4,0,0.9405765374142807,0.8120475248301973,0,0,1,51.07274666155661
528.2970263056657,16.8826143070427,0.6928072271598139,2,13.7834030521796,19,7,13,0.9976946040992672,0.8771300623231844,1,1,0,64.48722508643795
197.6457024564293,12.61781713262043,0.3527466562666681,2,23.550496315111708,20,5,1,0.8952493984743688,0.40250537962197125,1,1,0,60.79333178880433
304.50125397465274,24.398287956292066,0.8857367660700508,2,26.76254066820703,22,3,3,0.9069228086531373,0.8830508009019595,0,0,0,76.61754840226078
356.4532903055842,21.842378462714173,0.9253995083905625,4,28.66004059511785,8,6,18,0.549405241665454,0.678207572253215,0,1,0,71.71621102587889
419.2489889519251,21.766574094222758,0.9026265157464188,3,23.607101587658853,21,7,5,0.7460214393146538,0.8912661363631569,0,1,0,82.40189685170104
649.6231729751095,14.373863195899405,0.5030820841588443,3,9.462206872440381,19,1,0,0.44035354838042073,0.6019111944387102,0,0,1,62.10056194795112
239.7716475108518,13.296390046753304,0.8327362533409164,1,20.644041182596265,6,6,16,0.45695076209300184,0.5653283397681245,0,1,1,53.91952448774577
459.9641068895281,10.468141438614126,0.8178669887548098,1,13.128093721661758,20,1,7,0.9993355672199744,0.9405425127620557,0,0,1,65.85441632264352
514.6901982034296,6.127509933018542,0.3712354022567673,3,7.6401186613815355,19,1,18,0.5959835496555466,0.4758184872838809,1,1,0,46.403270300444376
132.5152889039984,22.294447525101063,0.8045781530280757,3,25.22614738277768,4,7,0,0.8489103472293078,0.8909486277003,1,0,1,80.64774581506856
525.2813963310068,21.258020182601552,0.13145648950816874,3,1.15279046886975,23,1,4,0.8839990318160899,0.6388144007565828,0,1,0,44.61196126227667
219.36688658110407,24.99435346572261,0.606829396709745,4,27.052859764062706,7,8,15,0.9148139626043376,0.6598668097858817,1,1,0,61.26716126964417
145.53611508969567,24.93273674147811,0.2955075116945476,3,13.844323938742026,4,0,5,0.9985769784412939,0.5159277970426388,1,1,1,48.845269455009735
764.2198760773333,16.10863411205255,0.202481852910687,1,19.116044304248412,22,8,7,0.5448978911541207,0.7011295404333109,0,1,0,43.49371795844181
775.9424231521915,20.37974830361021,0.1654102213848278,4,19.78061766617348,12,0,12,0.42421049611581985,0.5276478373933479,0,0,0,41.363381453765776
665.8781436815228,23.89531459764856,0.6918454594964187,3,26.85353222119609,13,9,15,0.6467149107967516,0.3274885899691566,1,0,1,70.28835107236294
313.2296384213595,21.99294781354823,0.3888937192028562,1,19.10009046501622,3,9,2,0.4780484018973682,0.4903990237410492,0,0,0,35.73249715907689
168.37047980446872,9.946962034863953,0.7160517557994472,4,18.418007542801853,22,1,18,0.4134555334972331,0.3044653303846135,1,0,0,65.80894373799427
578.9631185585099,14.01088270620187,0.15555288967910103,3,1.9995612168206989,12,5,11,0.6162560962848916,0.9848483509397996,0,0,1,38.49952338222569
408.1067456177209,7.5831883030299,0.3679967871560188,3,15.552240658356123,2,5,15,0.8702429506451419,0.9760230468738231,1,0,0,54.797576536149194
185.42676439134516,24.081020545174447,0.5585675985190366,3,4.50507002451125,24,0,10,0.7397084147350426,0.5766087082306135,1,0,0,53.87202007991284
446.6238370778891,17.123492689017603,0.772114690113119,4,22.123013061644567,2,6,9,0.5876667935262124,0.8098595980377521,1,1,1,69.28643728477549
124.07196478065288,9.572856110069255,0.3709396274922594,1,15.366657624380235,23,7,19,0.7926052032956319,0.5420642688872974,1,1,1,54.26517705703044
736.5242814551474,18.434013688117133,0.6320076699714577,1,20.4068333762506,9,1,3,0.5392109081852865,0.7697652099601833,0,1,1,53.4306365631279
281.14598712001185,17.362564809157917,0.853081086000759,2,1.250187018071528,1,7,11,0.408628867643251,0.8638010301321852,0,1,1,48.32870808100238
563.7655990477874,12.16325436065681,0.6234837099549588,3,2.543760481374097,8,8,1,0.8586120318618564,0.9627293712845684,1,0,0,50.17687177509506
318.19775326258764,7.27115184399258,0.29801555354058873,2,21.48970164188047,23,5,18,0.7742458509184055,0.5801485930947703,1,0,0,55.6089184766253
464.0476148244676,18.431463911855992,0.12074066432305733,2,2.162530079960201,6,4,4,0.857381574700576,0.8483085880692334,0,0,1,29.683099626535004
482.69719554029575,15.406154018075867,0.8395840428157904,1,2.1377018329577577,6,8,7,0.4233628100125994,0.4861499154424831,0,1,0,39.59641098085408
229.39811886786893,20.446367834712788,0.11807899922282908,4,0.3632542570466235,22,8,6,0.9022717766983913,0.9932326126555537,1,0,0,49.775029688393595
778.709239435191,15.403270022239868,0.8434964217815695,4,28.695041948984404,18,0,13,0.771715720021782,0.3180387191350458,1,1,1,83.64318825842952
642.5929763527802,22.0436300063708,0.5495965639231302,1,22.12525078377021,17,2,2,0.7380372104275841,0.7224701645507846,1,0,1,61.98969659691009
757.6492590949324,16.03813677548971,0.8982075437359617,4,10.597542255061924,12,8,17,0.7747684288687189,0.7616541871559289,1,0,0,68.60239471021875
726.3791452993541,16.218759430707728,0.7789657504076155,2,8.896067438629657,6,1,15,0.9186599481210185,0.7816318899518901,1,0,1,60.58141872262079
518.5299851677596,22.5330720531669,0.9482439939533368,3,10.491096892375486,8,3,18,0.7521619039353442,0.3842713051523623,0,0,1,68.72761455370141
745.3119645161818,13.069657324247942,0.3981050431339537,1,23.239605935435456,19,3,18,0.7485702279329076,0.9569708484311912,1,1,1,58.98602539038119
161.94475143634367,7.680304569012815,0.7521100455914578,3,19.841118332112433,10,1,17,0.9944074942394595,0.42682829533505795,0,1,0,60.562253492761414
237.18800369340164,5.5756535262667795,0.4416412765678558,4,5.555867036024038,1,2,19,0.8540381002411408,0.7359273822678887,0,0,1,43.679590924761506
131.65910223737666,20.10274511347238,0.5078942772583225,3,5.22328006002253,13,2,15,0.6653762832706811,0.4558732553861594,0,1,0,51.79057619775076
327.73123153428503,17.406191027069294,0.6333796437356145,4,2.9518694914019195,17,0,7,0.8244382000197567,0.5150514919148896,1,0,0,60.84019400596374
372.0741027826374,19.08159536198447,0.8426255470583879,4,19.809081591040144,3,5,0,0.6335382830150731,0.682520979209687,0,0,0,68.2796319536652
289.94432224172715,9.259283230178214,0.9364709488194009,2,22.93117986665208,8,7,16,0.5373252774900994,0.5920353929952036,0,0,1,73.07102908820714
680.1162564063505,7.727429511735395,0.7530324017848404,4,7.951392849750121,14,2,11,0.7581111261326556,0.4121579206835544,0,0,1,65.12602156666019
349.7273286855125,5.290893313357639,0.45510176484223375,2,0.6283488309273844,3,4,10,0.9569092588683709,0.41965548169459377,0,1,1,36.914940074214186
296.65415678116653,12.01175117613194,0.4581534519355096,2,2.4651500242928206,16,0,4,0.9574837120092776,0.5927013517139597,1,0,1,45.12434373726623
479.88725821077395,16.79835373709266,0.7269449563505578,2,29.035801045350915,13,9,11,0.6051431668632942,0.8300980847928505,1,0,1,66.22072149708704
198.64695748233385,12.844880901994646,0.302960573903057,1,8.863343324322608,20,6,16,0.7166064797330169,0.9285752527934519,0,1,0,48.61744727068919
661.5378865278278,13.749498440474582,0.19390299616168546,1,23.07669443514401,24,9,5,0.5269815391419167,0.358889363581568,0,0,0,43.9500907721695
152.18545057583958,23.083173889874967,0.40142883399466,4,18.739907065627914,17,0,0,0.9973786656993301,0.5751727352915808,1,1,0,67.86008207643071
790.8208556203621,11.965109340466007,0.34415314290596943,2,11.458189189586877,13,8,4,0.9886707447207614,0.37017189460601363,1,0,1,49.06652484857143
640.5713385076602,15.279789783196216,0.3518619023875915,1,6.170617865866653,6,7,13,0.7897053578244684,0.3116147364428185,1,0,0,28.093523534785504
239.1009770739207,20.67306025482286,0.29856658839242345,2,3.641592544782193,17,6,4,0.882648435806484,0.7632030778507696,0,0,0,36.2554017745288
103.86548198652167,12.930855646425403,0.1357792111909076,3,18.450389041165998,14,9,0,0.82906009677022,0.7217146093766114,1,0,1,49.98203792615106
670.8229999183839,17.441734004557468,0.11519284452340174,3,23.239013419133638,17,6,17,0.7558949314236809,0.41411337967042033,0,0,1,62.11917107557818
594.800140693332,22.247274174934905,0.9395640312756268,3,19.31712760623392,8,4,15,0.43200879819333865,0.4636689831651448,0,0,0,58.33238850795147
610.3050176286911,23.990412473152844,0.46360716367548294,4,15.90906399747475,11,4,8,0.6728586055315966,0.3165954275511629,1,1,0,65.00955487571768
639.889242680162,7.941469618580759,0.42667765008572944,2,1.258536702949088,20,4,18,0.8048717813004463,0.8844630439860826,0,0,1,46.40734986679127
151.83125621386324,23.53175250322989,0.6777001902891093,3,29.054663327831513,1,0,4,0.8065189683302108,0.982283417233986,1,1,1,73.27713788328924
350.92600998099084,14.842325861590764,0.2855158046853046,1,23.961425749637236,7,7,1,0.6238735710534302,0.3948216757562836,0,1,1,44.976345591691405
181.1083416675908,10.164887765979167,0.9074670063576915,3,8.784661101028941,21,0,14,0.9650151919948183,0.46203264963570867,1,0,1,72.28796818024584
704.1723981129155,14.182715124765226,0.7683932622532192,3,29.39910988076552,21,3,6,0.5004142193420686,0.9078866667628538,0,1,0,69.68767609638287
536.3086887792906,24.600651505709543,0.1759993519654206,3,18.056447689089662,17,8,3,0.7002156677293363,0.9485246585693294,0,0,0,50.02042740807288
331.62861739685445,14.852361879857392,0.45494365941718906,4,17.472679746217395,10,8,0,0.8145303859304938,0.5937391679647672,1,1,1,56.619332663959355
144.49084520021654,11.575032205750164,0.8472505614278399,1,22.442195382885963,11,4,12,0.8182814835350856,0.33543573058835185,1,0,0,52.18108842088125
317.68762520096357,17.668017086334515,0.9030222189476987,2,24.353093642704128,22,3,19,0.7891833740612894,0.3275742835849736,1,1,0,74.15376087985872
327.62832541872297,9.802912375563862,0.49729128456238925,1,19.69435821994508,9,2,6,0.5651729280711161,0.7017649062483073,1,1,1,48.18174896127565
610.7243248366449,6.517266562173278,0.6213996808291015,2,3.8428723909860008,9,2,14,0.4937239412119732,0.5750265762252253,0,0,0,50.3380202260678
546.2902299486492,7.5775944382129845,0.24197885417826395,4,10.148025179834953,24,4,13,0.7815641960960265,0.32005669930435815,1,1,0,57.84074977818405
721.0489198034286,7.560916779155448,0.9424933322164301,4,27.842509209781493,5,9,18,0.7595812696836626,0.7082766746187896,1,0,0,84.46082974962833
430.5504476133645,8.038053870245887,0.2969209461759269,4,6.7384683553155575,17,0,19,0.5076136061735446,0.3079117756123157,0,0,1,46.81122103941239
183.71597215681118,7.776543452988203,0.9013220080148567,4,11.1650107151254,9,4,17,0.823083487342338,0.851160370704491,1,0,1,73.05032614479823
599.2713510560965,17.817494896064293,0.6521996516435131,2,12.96230648832588,17,5,9,0.6731031950401938,0.51450297589236,1,0,0,42.10771923964778
632.5495340318282,8.637601687982897,0.6165762756470302,3,13.182149690833565,24,6,8,0.8006563549618917,0.32818060210646244,0,0,1,66.17384272001756
492.8940382986474,11.913345666477264,0.5357852343640322,2,18.388187474835764,21,8,7,0.9024202478620904,0.7118465546882073,1,1,1,66.50827567299682
639.6770259681927,22.935768198120236,0.2960693399600949,1,28.292275132341228,19,2,9,0.5018370571461539,0.5783790901031383,1,1,1,56.574103364183095
445.65691745507354,14.479232805257446,0.250048827204682,4,7.2207813549751485,7,1,16,0.411486920798102,0.9816602893500046,1,1,0,40.326647654813236
465.91298056739583,18.351154770420543,0.2874132777096491,4,3.645041289027542,23,2,1,0.8674615518374721,0.6809390637525915,1,0,0,52.26469955320386
399.27871285098473,8.446397424032597,0.25847252282261635,1,5.924114695798119,9,8,5,0.7658184550915696,0.4926674267259058,1,1,1,22.408893995605403
117.79338872086663,8.845780376173416,0.7626468025317402,2,26.607747006278085,7,6,4,0.819783741773273,0.7966072052437823,1,1,0,65.77988470449912
175.52399889531313,5.817372325329577,0.3976064702917206,3,19.37432437965618,13,8,8,0.9028929849931855,0.49004440177989794,0,1,0,57.79076168033728
122.00042998071397,8.378701261443291,0.1491662750788869,3,8.577203677174804,11,1,4,0.8816865608947003,0.9329703039852955,1,1,0,48.21496817916755
545.4872878846463,10.571806780639172,0.9237372356196896,1,24.47840816905852,14,4,17,0.9765520881572948,0.5623053793551636,0,1,0,70.60179392269643
320.04918675342867,8.540209685534936,0.8512180022189118,3,25.84109989090308,19,3,19,0.721561047311271,0.6849079939433436,0,0,0,75.40040510309933
455.99948381529197,6.774050675141112,0.8885894407159309,2,25.39543016070834,11,1,8,0.6930973795959432,0.3354011726769602,0,0,1,76.8206592657826
735.2965317482651,7.412717422012016,0.94567164924947,2,27.567796009186633,13,8,16,0.6411323199344381,0.5982848665665614,0,1,0,59.66475655945497
274.5045604042125,14.215575360654515,0.2478109618365642,1,7.567230605200848,14,8,16,0.49221462570652275,0.8826544777626963,1,0,0,31.389825251307155
387.26804612494084,9.12667436811585,0.43680571606725993,2,22.65125786238835,13,5,11,0.7435643397292135,0.8639541637543393,1,0,0,51.43137437271365
628.885796980134,12.28539722096151,0.7445027043484775,4,13.8161849182242,1,5,6,0.5662075145955873,0.45702299119746836,1,1,1,59.920452178723785
260.1587158441357,15.068345417097138,0.6916175253457234,1,25.259956586701847,8,7,2,0.9527845073277853,0.45825534970739384,0,1,1,51.96415457884194
153.8859368801551,18.807896572587307,0.2308115203888768,2,21.854720314848397,12,5,9,0.7499144825662585,0.8721137185492658,1,0,1,59.652050884526076
302.8260170396376,5.786242796821979,0.7934581562420251,1,23.293423394991738,19,0,1,0.7557041083048661,0.9512788941185277,1,1,0,65.54707967247532
212.8549010778031,20.988207978180853,0.2907744860611616,3,19.684855130432144,12,3,2,0.612954796526206,0.3667526448911025,1,0,1,54.85376598096853
750.7883566398011,17.558007789818156,0.29024497259922966,2,5.322863084091206,8,6,15,0.4311936111866245,0.6150410475983576,0,0,1,38.05852204252853
665.6842656950919,6.635180638977438,0.5564282594594016,4,16.35080756690815,8,1,1,0.4190462592237932,0.5362179952749603,0,1,1,65.57738820471832
543.3826295572965,22.471572482135546,0.6039989446154477,2,29.540092185735247,21,8,9,0.6540010864919186,0.9094819188202075,1,0,1,64.69103291360358
710.0224131314023,23.417448010636264,0.5930732766621395,1,28.121641994913567,13,7,5,0.4507392268583427,0.3584674402760131,0,0,0,54.95129492711913
662.5704538293801,6.221559197097275,0.17776381178809164,1,1.29521207391035,12,7,10,0.7641081733240835,0.44778815979062614,0,0,1,37.75730290530125
230.59904122022508,10.537552962944075,0.8458417332358232,2,4.944444471883114,16,6,6,0.9285838033837944,0.8267278363105459,1,1,1,63.701093293450654
724.7912989429844,21.124025595861227,0.32576003620040017,4,3.951863203636857,1,3,14,0.9297488899112333,0.3359056942868509,0,1,0,34.22804695995832
477.5395693409555,19.965193807673167,0.21008768309038356,4,21.779397299558866,13,1,5,0.7954272460793395,0.6447747665000024,0,1,0,51.78092440743189
665.2081086148438,8.690420387127546,0.8554358678886306,4,24.53355989570835,7,2,19,0.5267390988837586,0.609474924275804,1,1,1,72.56883823498241
727.2639099464452,9.186986466734206,0.9123037734952903,1,6.405340989320157,5,5,8,0.9177980988153233,0.5340808252921241,0,0,0,46.63247549807106
322.60243248030474,12.40944205582764,0.832808474675633,2,15.17558078855487,8,4,19,0.9316560611879249,0.5762006207232466,0,1,1,63.83481622946426
177.03634716937373,14.690459703820427,0.7880886635161464,3,25.221090840336,14,7,11,0.5179921509717752,0.670958410851163,0,1,0,76.18267104560697
259.5546137793592,17.36509543060592,0.6569556835431685,1,21.98404634298752,23,5,18,0.8424556514624064,0.4129571508718682,0,1,0,59.417219842916055
398.97545203837944,12.378272791395448,0.5682287650177684,4,16.26711616475545,13,5,19,0.5719117293562738,0.7003971147985149,0,1,1,62.47434005653034
672.6103361457452,14.250694322662959,0.1739387459246986,2,17.710430713763188,15,0,2,0.8815841874117578,0.8638026305099904,0,0,0,48.958874133835515
702.5114082794404,19.94941876267513,0.4471852311100939,4,15.250816407488399,23,3,14,0.9983427399421616,0.8321126508531114,0,0,1,70.65265670549621
104.86649137183349,5.733664057811958,0.41678523946046686,3,8.926453539564617,17,4,1,0.4180156031976357,0.40772993328564155,0,0,0,39.47740624187057
457.52311180429604,10.048738886880415,0.3207907161962773,4,16.950659785770483,15,2,1,0.9384195194745591,0.40447462881903173,1,1,1,61.02478749301428
392.1877022041453,19.26699171769105,0.7149070966352972,4,20.66655906150272,20,8,2,0.7735783201591948,0.4877220574214393,1,1,0,71.90485526677524
255.47546732951116,22.904136753743987,0.5214943748169552,3,26.19968747582423,18,0,5,0.9840295714988927,0.552752308438726,1,0,0,72.64373854609813
183.90575713357796,15.233548842313322,0.16888928352150073,2,19.088740619377443,18,5,14,0.6790057105158566,0.5859189069859378,1,1,0,40.95139523430493
336.3306199825396,15.642269705306314,0.2871557216573396,1,22.83364611129474,2,5,9,0.9084327583428242,0.7757880517833416,0,1,0,46.66196764670552
760.0367927387634,7.143440226795521,0.6807699491106565,2,4.80214904863719,4,9,8,0.43743644115896635,0.33967630251608477,1,0,0,39.10812303608152
326.24205241452864,13.948247336469093,0.16471123056675516,3,13.846724232593697,1,4,0,0.6011674300469775,0.32427089295824646,1,0,1,33.11580681608448
463.15343522035624,15.652345329100463,0.8235258769414533,4,0.2799485948127989,4,4,15,0.440209922650726,0.5743373940607364,0,1,0,43.02230334121177
592.1132712266244,9.849410072694592,0.5208745479618782,2,7.400365935648691,18,9,5,0.9852058800874424,0.7880145844965862,0,1,1,67.32388809218881
354.54072166550577,10.384864618987619,0.5084985907276508,1,21.793851453390147,5,4,8,0.890184344363102,0.4354047400695378,0,1,1,51.81347905389114
780.2474579046725,12.545683262092453,0.60354661696059,3,29.754298540480903,19,5,3,0.9115284527475823,0.7490531368793761,0,0,1,83.1356683313301
773.7131064594779,5.401423955554527,0.8009788210363767,2,2.975342987616477,15,7,1,0.9627791388603365,0.4818796965582096,0,0,0,46.00951952118939
276.2476070777549,11.441583311663566,0.3956378267168641,1,12.044829475838647,8,1,3,0.4510620916718712,0.9202602761694614,1,0,1,55.74941785611721
448.0739541246698,9.228960139930892,0.676313729675204,3,24.002129060974784,20,5,0,0.631358555508,0.9269829609866316,0,0,0,74.95555476608811
310.61481687173875,11.549947043558292,0.5808721693964224,1,6.121069038866965,17,0,18,0.4426209334264013,0.5081010429969285,1,1,1,46.14639125294326
299.38834606422733,7.395242636385024,0.3269740296440081,3,16.65254847906859,1,3,9,0.5264758609300172,0.46099562777426834,1,0,1,43.79982733425994
125.82086314817296,22.8105456147979,0.8468354884018843,4,21.992138880890245,12,9,14,0.5376194662226035,0.5879127804463619,0,0,1,79.25523977862285
526.6950337859278,16.871849071080973,0.7778121183658888,2,18.47956350780537,19,2,18,0.6814643266285472,0.4683721096261041,1,1,1,72.09648480422148
451.875316260203,18.582046382889793,0.6596840594596617,1,5.640742038462484,15,8,15,0.5611373004721856,0.7706686903041925,1,1,1,51.678379334328184
136.03512587499256,20.783424772146766,0.8229944697301056,3,10.661537060572183,9,2,3,0.4605868640906567,0.8782452791837998,0,1,0,57.49901429345467
295.052524965628,14.968843978581145,0.8372000708158319,1,23.513753534561918,7,5,1,0.5004946534564646,0.7711644916378518,1,0,1,65.4079422270664
735.7861201766576,6.738405761748474,0.7021085302077795,1,16.6267954239605,2,0,12,0.4883653381312546,0.8770453130745446,1,1,1,42.65814837015811
267.69332346688066,15.742130836370956,0.8114613291091212,2,0.1568884062873821,9,5,0,0.983846078747379,0.5778945135452318,1,1,0,48.21999193626056
201.42641046385617,16.736822360417584,0.6928507424188911,4,22.829722800842816,10,3,16,0.8555755041510842,0.40942187949620257,0,0,0,59.373882620656246
442.6169321942941,19.9087894836866,0.6781196559962553,1,1.059340648207172,2,7,12,0.9806568791617372,0.8165656631783145,0,0,0,42.912175609713906
789.9553178774205,13.633190924593588,0.6258196714829066,3,22.372013481936964,19,8,3,0.6638442919047451,0.5523321535990877,0,1,1,67.36029963098814
269.43869005805027,7.551606055911275,0.739809143623995,3,6.0744168049571226,11,3,6,0.567021088997594,0.7698895776603927,1,0,1,50.75565389690661
570.494883184115,10.675518115974489,0.23481433949911265,4,28.742204403581407,13,9,16,0.878975918325512,0.4894507593872359,0,1,1,61.273980147457436
633.1337307301023,12.261645927972701,0.8487401453190891,3,11.038222539062534,10,9,8,0.595752350824688,0.35686074436467086,1,1,1,63.55962762301352
266.3462807946797,17.918344826632023,0.8410669985834471,4,9.807948490142373,14,5,3,0.579630024223209,0.9948072568414343,0,0,1,69.9148368979252
609.7514440283016,16.41556609337824,0.12486019057937528,3,4.46664150997334,18,0,18,0.5395035953246987,0.4093410555514195,1,1,1,35.34952515987037
357.44819290347726,12.121934517956925,0.8019442379800482,2,9.168126464706447,19,3,0,0.4778073869345412,0.9918946957744368,0,0,0,50.28361578877025
542.6140814155056,24.730304975859593,0.20953938735242844,1,26.299522854846018,22,6,9,0.5538778366100596,0.984095952796513,0,0,0,51.598118922372535
543.4707975326263,17.115496387137743,0.38485102612027056,2,29.89003012881742,9,0,3,0.6131918490843327,0.8556726727356276,1,0,1,56.878658856922236
475.0422788523309,9.74453583471989,0.7319820178478665,1,11.04928591520545,7,7,8,0.8043965248874383,0.7615960734573983,0,1,1,52.83719321241409
163.2028390380858,7.035649452408075,0.23664591164106197,1,13.458318928636277,3,9,12,0.43753890533167095,0.7044649351757593,1,0,1,33.72087776007672
684.7117469124665,8.05718278368664,0.7952719705012028,1,21.66212814608211,20,5,13,0.5263041637992057,0.9062710817644841,0,0,1,70.99430336178189
324.54604548021507,9.919154567690162,0.8073140512640806,2,26.585873413952235,6,4,9,0.8854141841750058,0.5026076651336415,0,1,1,73.64524982349174
230.56295727989797,8.213627465191113,0.5313475736967108,1,17.791330025603525,21,9,5,0.4881531541502625,0.6273768487394139,1,1,0,52.90227568462892
128.54259908833473,8.731340481026116,0.10542799095930855,2,11.74577094533488,2,8,15,0.6055870879135129,0.7335729785565512,1,1,0,27.814776715455512
513.6250602317693,10.701903373876942,0.34398241319867584,4,12.378655225458711,6,1,5,0.918795353114884,0.5878333331086437,1,1,1,54.42284710010382
574.2950532895977,8.467471905895096,0.6243878806193809,3,20.868544394904205,3,4,16,0.49295518668606564,0.5992405178631875,0,0,0,51.92356896839605
111.61148024949931,22.935308492528502,0.9340082513233099,3,0.09654790812836045,16,5,9,0.449642101370914,0.531199267251459,1,0,1,52.8742633935857
458.4651408094967,6.604674913232844,0.6370414979641681,1,18.58768012379522,8,6,17,0.6907227970480065,0.6949622716791752,0,0,1,60.89480187344568
258.5470426385566,15.490227791405093,0.3208330439045358,2,10.664790313240722,2,4,17,0.5814517067671219,0.8954021696105812,1,1,1,45.243573754126366
551.6209532866148,13.20793653979323,0.6389048476346696,3,23.825919938312527,17,8,2,0.7380450186903125,0.441069864604419,1,1,0,76.02856153240997
222.056500303494,24.64757233817213,0.5589875727584771,2,2.789719194693965,9,0,19,0.8822829342900851,0.954103127127409,1,0,0,56.525281490142895
583.6564166717262,7.240778043361047,0.7628685858784721,2,17.646068008451714,12,6,14,0.4822890928916459,0.7823613576237607,1,1,1,57.204699971093426
370.7147424103762,12.957111980914833,0.19093354300291465,1,14.429186696583713,3,9,14,0.748419450732571,0.8762912488760211,1,1,0,31.086115237621588
755.7109921157141,24.38940866550738,0.7468737171267238,3,19.26976577715682,11,6,3,0.7033052562339184,0.6893334848410081,1,0,0,76.1401400028012
196.26466090219526,22.310142517879605,0.5600765918746937,1,1.9456078344890504,1,3,8,0.4864472716079198,0.8456616909968444,0,0,1,36.33939773905242
338.74644573518094,21.3414414189856,0.9185432032801454,1,17.399513622843937,23,8,18,0.7743990913173895,0.31134027813762705,1,1,0,67.22771866356277
179.43146486841235,10.158056540898796,0.3905913411328832,3,16.844537638785713,13,4,16,0.5641842507164629,0.8728662973456747,0,1,0,44.39795622859707
747.285532794994,8.417751747801317,0.6377286091638559,3,16.819802832485127,15,3,10,0.6927005911264075,0.32809720135975656,1,1,1,64.91399523918582
714.1375473666867,18.37286439848862,0.8922238896835148,4,18.104629997893646,5,6,8,0.44936339456623714,0.9229393634540037,1,0,1,80.60450265916238
280.55913940060896,23.587519782551716,0.18713326879207737,4,20.294038116790865,21,3,9,0.6757504343281738,0.9943739230670503,1,0,0,64.9058598174242
561.9888322239253,16.135257860278596,0.8966442141509834,2,24.149669990423092,17,2,17,0.5838780808256923,0.5058472235237444,0,0,1,71.01720023642784
672.0555401408511,16.432253789397997,0.6847028639556914,3,8.09462160384643,23,8,19,0.8934287267112127,0.44722298940005556,0,0,0,60.17632070250535
488.64056811962365,10.599581873205683,0.15766150023939612,4,24.75148230540186,24,7,12,0.434187236198421,0.8357543547006285,1,0,1,58.496975883799166
470.7554048492045,20.389858663838737,0.3558190319047938,2,14.94767046790361,6,0,7,0.6511643649509979,0.47711843864417725,0,1,1,41.38110474389522
269.2966036303162,8.740874971150468,0.7019462753484893,2,2.3117483740299347,21,6,6,0.6750588544788628,0.9058936682205423,1,1,1,49.42855108510029
165.17193746412943,11.473584728084873,0.15724801124845594,2,1.756527877319376,22,8,16,0.8350036457794712,0.37198981451023366,1,1,1,41.37434607938043
728.0510305673288,13.508728772328336,0.5948448911498323,4,10.027149560881824,11,7,14,0.7445725450541266,0.38816863746555075,0,0,0,63.06723514593727
730.2926400143314,15.1522075736891,0.3940005984100132,3,23.546909313344027,18,7,19,0.8003274023165086,0.9854060885704308,0,0,1,69.27542158101573
543.1710200912876,9.848194648301604,0.6277781901023555,1,21.230428042227473,4,5,14,0.8662295713910537,0.7716872287890032,0,0,1,63.48889120557321
337.32085373409046,7.296736494784071,0.13888072874063592,2,23.658448940172192,3,3,0,0.9173217841949133,0.8928210571002668,0,1,1,53.24229128774766
344.4467022288626,17.21240084883265,0.8408062852295198,4,15.518071693248281,13,7,13,0.5883252980334823,0.5270305641460626,1,0,0,64.15393503891978
608.1689752091676,10.772611064805115,0.9274656238007873,4,13.205969938664717,23,2,4,0.7228136232183417,0.773538624664423,0,0,0,72.72624472160672
727.977181966804,16.624764428452245,0.9235461769928377,1,4.423575801188519,9,8,10,0.90406484706352,0.7159692791160179,0,1,1,53.82000792586882
720.9604969855822,8.087254305484047,0.737204056981486,1,9.845782608279347,21,1,15,0.9936706785790339,0.7222050840860629,1,0,1,54.992399245641224
645.9128821003367,14.62280203709635,0.2105733041110372,4,13.020580985216258,6,1,1,0.9337115866262579,0.777772721676405,0,1,1,51.9852170854311
549.4221523080014,15.651788651031717,0.7445237165396692,3,2.658012890388517,12,6,7,0.6228803575746261,0.7027514211903689,0,0,1,42.77795878859509
158.89797549653417,6.036470736448538,0.12089887898998129,1,6.618358581336338,2,9,10,0.5170999103311903,0.6003436585118661,0,0,1,29.119000366226825
213.14009986622963,11.732085563878412,0.11880501879964767,4,17.946758821912166,3,3,17,0.6936355224439532,0.49314588606638277,0,1,1,47.09014577863003
728.9879319689554,7.688293538779485,0.3750686862771101,1,22.069893427175696,3,9,2,0.8449848711016253,0.8380069316392413,1,1,0,46.51240557478376
524.5003417617129,6.267499409455355,0.5153467118439659,3,29.95042534178849,12,7,0,0.6955414424519786,0.45839070100223034,1,1,1,73.40980092744958
106.43793613164075,24.799204647798906,0.7548463051366242,2,27.99339994030673,15,8,10,0.6899085179882012,0.7846480143080898,0,1,1,74.62395397408662
171.03008000622248,11.447076899494459,0.6808010701155294,1,19.276955986055746,9,6,15,0.9029382526490803,0.4633329758545286,0,1,1,66.92924218820694
564.451238375639,21.1974889170927,0.47901730042023605,3,12.63744159882216,23,4,17,0.6168422674403118,0.7377311189681177,1,1,1,65.81228740249328
103.54310869235309,10.092813095275277,0.332582666339416,4,19.08532094124698,8,7,15,0.9158768048869874,0.8229547869903202,0,0,1,56.988935034088364
212.56563599224904,18.630054444478585,0.9475558251340545,1,23.56954854240696,11,3,9,0.6440828805710341,0.4530997222345774,0,0,1,67.00747932178011
484.1136525566103,20.204557197793733,0.462254106900577,1,3.5500857277016196,16,1,17,0.5969398634070037,0.34196031060291576,0,1,0,25.957092078818995
584.3266383848852,16.912774812156886,0.48367897068022414,4,12.297146690888647,22,5,5,0.6723939467198194,0.39168162009592183,0,0,0,55.07986227964946
556.3728816518203,14.431523771003167,0.2390802480129188,2,25.194068569068516,4,8,18,0.8574681752049211,0.7241978770897177,0,1,0,44.15914226093076
256.98851662239184,13.236818282945372,0.77558811643744,4,11.51498855799132,1,0,3,0.4756012167183966,0.8946124843580148,0,0,0,58.50474516854644
598.5254549432751,11.977365330859906,0.6896298919142653,1,17.156168136815594,24,9,12,0.5178515295232105,0.33149777486479703,0,1,0,53.360541208818724
266.07436124776007,23.59058288495652,0.2876541708704463,4,17.633080825865946,7,6,13,0.9708668953978552,0.8139058813291524,0,0,0,47.13189063430953
327.7797887114874,21.612388155754584,0.1700238887734663,3,5.5342875940091805,2,9,2,0.5052949764288145,0.5389230521650364,0,0,1,24.55014723594948
622.5439835826169,24.300538213330253,0.6784244067635061,4,10.867063249568652,24,8,9,0.7406363907586327,0.6349698589436658,1,0,1,69.59656664528902
554.7430293330503,7.485944469710894,0.6563345321389649,1,10.035338662257963,5,9,5,0.7475886799971627,0.9502016848918959,1,0,1,60.111415975278334
694.4563873459246,19.617349504072884,0.3322705979484779,4,0.7859012559619438,7,8,0,0.693774677230147,0.5323800533150918,1,0,1,45.64723432245772
560.3290246102404,23.766809136420758,0.9082340279128488,2,0.7257529167406573,4,9,13,0.7868471491460911,0.6257358537576402,0,1,1,58.325903937237584
497.8160223348301,8.624661323313203,0.2283992080137652,4,24.950911310273202,5,2,7,0.5378960354785711,0.3095776903324768,0,1,1,48.912494757055285
165.57233747966472,6.32992534733555,0.4674845808862116,2,8.192124299184373,24,4,18,0.7315973606660489,0.35711910400338687,1,1,0,42.620273952208926
357.40106214160346,19.82241298580118,0.902073532142459,3,15.542362987164463,1,7,13,0.6233039531481384,0.4810141137943488,0,0,1,56.80650406906288
285.6416573772078,16.489462263598238,0.4567682193872039,2,8.961767207663192,1,7,9,0.7970003557775134,0.31949656857475206,1,1,0,36.859388908252285
270.79275036535853,21.83657553516544,0.6427470555144726,4,28.220377353460215,15,3,16,0.4847341260238897,0.7419627282337756,0,0,0,60.68250725175248
781.1073883267119,7.79544753252579,0.4379552382683751,1,7.778902765973212,20,0,8,0.7425264501036857,0.5984788497611357,1,0,1,44.45929899316041
375.1684072667323,20.905346237197804,0.3330829219963695,2,12.889704382168052,19,0,5,0.5111622132299942,0.6837016419096154,1,0,1,48.083950826661344
724.4325886239793,9.03254640095489,0.936381000765854,3,26.181907514538054,10,3,10,0.5671858378690219,0.42225303012743065,1,1,1,68.97453203167854
541.797038198084,8.27311885731409,0.44793390536778654,2,25.25800700375426,18,5,6,0.53122588019415,0.5071524206056313,0,0,1,50.80629431521528
656.3679124791539,8.285315958619858,0.8599843231272642,2,5.583042535388319,3,7,16,0.5097026679212903,0.7646771323969075,1,1,1,54.1902388829897
451.84596517363445,21.29149440462764,0.2954614150074233,2,24.079299293871312,11,5,0,0.8954265709364002,0.9757119065412798,0,1,1,58.07889111263013
503.8327192384514,18.303944413924,0.28113899842132084,3,13.74560660213678,15,8,4,0.5714245405965342,0.3352917415215464,0,0,1,54.133761139121205
444.76238567320473,15.461308495382386,0.12646397045183466,4,14.489066162560656,11,8,8,0.9562742691186696,0.9232690245986863,0,0,0,43.68025562318006
236.67009145863116,12.17660968247005,0.6539168015695023,2,4.004399172478314,17,1,17,0.9819559152071146,0.7038168409178459,0,1,1,62.125360567301676
605.7164806830538,22.544010816262166,0.413247392165197,2,2.41804541271374,17,9,1,0.7427562819622584,0.6947436967289365,0,1,1,55.2572543158001
296.54065370859905,12.848902148452709,0.8347045123636915,1,21.838179209212957,6,0,10,0.48580067359943585,0.6501949746454322,0,1,0,56.369976780791845
117.02117650201768,21.33198878943154,0.5022284206878236,3,14.893834570658992,5,1,5,0.6247289460277488,0.34857586013292835,0,1,1,49.18656295644953
551.8306071350175,13.782698171404368,0.9229644137275135,2,13.105521078455386,8,4,7,0.8786393580089285,0.36291379621531245,1,1,1,65.05231227284106
223.97747558493427,12.538888588498152,0.25769668834765297,3,21.8852468595719,2,3,3,0.6204344372182423,0.7206384039613603,1,1,0,41.28966466898886
758.32100904704,14.253595713392128,0.8383296927622691,2,22.96538696973329,16,3,17,0.4522103309816733,0.5386710000048908,1,0,1,65.6541892841377
767.7500039018112,11.027557483282841,0.7601073248729804,4,4.767245030080607,20,8,10,0.7340709465569129,0.9420876466043764,0,1,1,73.44883274568411
740.405073154314,19.952187603525022,0.7552835679474441,4,18.30675448432924,24,7,4,0.9070725108976209,0.5846133761516306,0,1,1,80.56155041877452
359.1110901788111,15.054407801849583,0.8180657438993545,2,4.060622468330566,12,5,14,0.8775558322861015,0.4002970210918487,0,1,1,63.75157565810475
110.8196315702072,9.644253902936345,0.7468703923015491,4,22.54125258087137,6,0,17,0.505073884078212,0.8003031834514251,0,1,1,67.87375330144879
749.8229938114077,22.991491465491368,0.6322872733867031,2,19.708654688014185,1,1,1,0.8036587686474801,0.5053473950087068,1,0,1,54.065173085112164
399.72890382212,12.677824427464229,0.21155814603002943,4,28.698438632503738,4,5,10,0.5323025580613883,0.6678292151491252,0,0,0,48.70865348277219
776.6583733305687,15.871057222279772,0.12764725256756412,1,2.0687404906926354,17,1,12,0.5309245207313034,0.788482949853619,1,1,1,27.809320667300447
774.533983962477,23.12944221929094,0.8827206706433338,1,1.7116416345376295,13,9,3,0.924443063983111,0.9301848778414492,0,1,1,62.14019406444641
697.106618827152,17.484759918279842,0.6241527673426273,1,8.465612240796004,18,4,6,0.5498013716441381,0.8545338363611732,1,1,0,59.61756573546084
306.11422444871,7.337960814167282,0.7770566973297498,3,7.851170512077179,5,4,10,0.5579484079108067,0.7734527475109068,0,0,0,50.33142621844246
369.5684100213477,23.796642472269504,0.5092939987856676,3,7.409363972159994,24,5,3,0.40039203445677973,0.7757432276766005,1,0,1,55.34855270958579
695.7956700617998,17.554161061428356,0.1997119606180353,1,27.1876374156311,24,5,14,0.9224014204753106,0.9621472508224604,0,0,0,52.57458346929175
321.84540360939434,11.698112293141723,0.20640792337216787,3,7.486385995485183,3,5,0,0.8755568879254808,0.5070768682475753,1,0,1,37.12544878064594
218.64492268026476,7.785441453267746,0.6827304941446256,4,8.15849178385893,11,1,2,0.7763973610544068,0.30077846593733115,0,0,1,70.03769371834612
489.76088372084513,20.88050378540592,0.4657600106645433,2,22.78194787253891,13,9,13,0.8501594583633054,0.49036819157873907,1,0,0,51.82179851102286
755.3083419125467,17.40145511857027,0.2704460176952862,2,13.4921952735162,4,2,5,0.4912291404546951,0.4525239657387208,1,1,1,36.25675460866224
587.2208576724811,15.66922183952643,0.5178553647302213,2,23.301316708655435,14,5,17,0.6749941567525453,0.7632842095797987,0,0,1,56.334463435679865
499.04281906255545,22.877851661019154,0.154577596513864,1,1.9609847269315572,22,7,0,0.6107316324092685,0.7435981198358703,1,0,0,34.18820183929101
168.02354563953799,20.771944224490614,0.594675691627239,3,14.62713581020153,11,0,5,0.45626591575420994,0.7154229678933066,0,1,0,53.24532080853856
530.5050586894188,8.033497594655024,0.328644393769833,4,1.008408005498479,10,0,5,0.6916782911289545,0.3113704102466176,0,0,0,34.31934490027047
793.0376950729843,11.234441355910965,0.7779252355416099,4,1.8795961036606357,19,1,15,0.9524437902055812,0.8101446381154531,0,1,0,60.10183424139806
198.05881066556682,9.969782796289316,0.3638076650850377,1,27.193123600332328,18,5,4,0.4240354714304167,0.5264712887398441,1,0,1,63.13035703012053
462.8307566546157,19.878925851453538,0.48693712671953104,4,4.177361133527855,6,8,16,0.5748765480962763,0.7655391923046417,1,1,0,45.73302144776764
714.1611503495689,5.670648694715588,0.10987745892188555,4,15.972620468256514,15,3,9,0.5245245617234221,0.6896048999515073,0,1,0,47.14643450738916
618.5380324279431,16.39779369742633,0.16157985462537505,4,12.332868078021196,21,2,17,0.5428879921994179,0.5399116477995349,0,1,0,49.32601497689754
587.9110186966875,20.24917371481381,0.43361952294568207,4,10.42029978776528,10,7,6,0.9450607311276251,0.3942033869728754,1,1,0,59.35020340074382
591.7388587909766,22.53531273523499,0.507948009509555,3,26.995000370618175,5,9,2,0.680841432540574,0.36609322836233665,1,1,0,50.89791585464598
351.6438058538286,11.841634974318149,0.6100174659014082,4,0.654701903264685,5,8,12,0.6797796477638913,0.8820628331785565,1,0,1,50.96312495520145
305.51429098514535,21.425146093440258,0.34791319190290776,2,19.913690585267673,10,4,14,0.8563453854731694,0.9428782794570905,0,0,0,49.6462086993036
666.5528088349595,7.2126347391041445,0.6907346032075611,1,28.901833026406514,5,8,19,0.4926953224029555,0.7548516327350097,0,1,1,51.83525904175382
667.0793762754265,21.929045834690363,0.8311040376108239,3,16.805045503855258,3,1,18,0.6923592124600304,0.37240388040233835,0,1,0,53.39138874126683
706.9506230060725,7.549773246639648,0.7628733405593473,4,28.104673860992754,23,2,2,0.6579911284726359,0.5814190518217685,0,1,0,85.14303013768215
739.2683867895299,12.945745811207345,0.13367600154610357,3,1.567736378580713,6,6,3,0.7581464143279937,0.81025744007361,0,0,0,35.33925645740216
457.93967920265646,20.94590731559107,0.5084309051691546,4,12.563799572224841,4,6,4,0.9997346219502632,0.8458746188070476,1,1,0,59.94084722560589
451.0614062810397,7.998348546975476,0.18919065165544863,2,7.804733728861535,18,5,0,0.8616693364492283,0.382753035603762,0,1,0,36.76388279875857
658.8066252767426,9.58502790465283,0.30573826348314836,1,21.924628949421894,9,5,3,0.6387194218104564,0.3000215031917677,1,1,0,38.49739273757826
554.9747515444355,19.445051367861325,0.9386632042770744,4,29.4389127149174,17,1,11,0.8965318313644282,0.7984959321164234,1,1,0,77.0033084372934
591.3768140803924,19.400730730921488,0.22112121146628624,4,7.6959018733274345,13,9,9,0.5024250179874882,0.549617323190344,0,0,0,46.99624710028171
657.0548686052707,17.822952657705947,0.5240549304336527,4,19.625238044222233,15,5,19,0.4182782117853761,0.4781369321327822,1,1,1,69.86186806483921
723.0037392722965,18.878968889342,0.6254323741704012,4,5.942928982792203,20,3,12,0.5226690234785638,0.3090282288526678,0,1,0,61.916360092033855
336.5966097960751,15.854488866951923,0.6970952249624883,1,16.959907637148298,17,2,13,0.6042469336685559,0.6782095847330498,1,0,1,68.62343536804386
362.9080668479608,10.035981178139055,0.575701380963877,1,13.917974600650085,13,1,4,0.7063484544757359,0.8958055147981872,0,1,0,51.752746248880854
165.7873578886083,11.913919870078388,0.10830522030630611,2,29.16015988894611,16,0,3,0.7690774843247199,0.9703421523908116,0,1,1,65.11615798975464
504.7960986973218,8.631954336028514,0.3774921120073931,1,18.255818180893996,22,4,13,0.946363430328653,0.6960214654293024,1,0,0,52.386677398794774
125.15959165771946,23.169011226672566,0.5400548968770047,4,10.485191162604563,4,1,9,0.7059124057302746,0.6601229294179258,0,0,0,42.11646122741115
425.9186126927221,16.66783589532241,0.17468652427310835,2,3.422873546638001,5,1,16,0.7007653867754376,0.35953946984246876,1,0,0,31.13148602911923
479.8512442953036,13.017028335272798,0.39803289152780363,2,4.537404862048037,5,6,9,0.4301458058937893,0.6842109610798198,0,1,1,29.16899055482631
300.5788764897991,14.240116072882653,0.12822264247266157,2,6.759507898537053,9,7,6,0.4209469315937343,0.5659853552757762,0,1,1,34.1434242129876
513.5832823983076,23.945666792236306,0.16679172258176764,4,7.5289998402089395,17,9,15,0.7306959771498233,0.7249946966185038,0,0,1,55.93163716947103
121.3501749573346,8.067028062321604,0.43738478477135667,3,25.518481735234133,13,7,0,0.6629071679490067,0.5721084435135826,1,0,1,65.29477257719742
126.1437321244501,16.724596640335946,0.2128083909366013,4,16.83668364847575,2,3,16,0.9035082369881792,0.46820938641525667,1,0,0,56.57605214861799
675.8203924617608,15.11777357768932,0.5824097210223245,1,15.701727341230994,13,0,8,0.49640775082710714,0.3664756926598635,0,1,0,36.45692085899257
352.13344898788404,17.22908470869296,0.6860452237666759,1,3.443066156076524,22,6,5,0.4149829972702298,0.520442911212227,1,1,0,46.16447531646848
188.94235885631934,5.36220367641681,0.7804986942427204,4,25.80419080048305,21,0,18,0.6694232607580755,0.3676513840014266,0,0,1,81.83752154812147
465.5702820383631,22.44247817888303,0.2701277076080886,4,21.68442909625451,23,3,12,0.5424871340513545,0.42382786557678875,1,1,0,52.183613879897756
638.9954871690276,23.642365649672247,0.2423601949202093,2,2.0300508570000475,19,7,2,0.4297686240033025,0.9911353110056822,1,0,1,36.008871927046314
251.07471924779023,16.30266367178418,0.18888266428424022,4,21.23505291689306,3,1,6,0.8347589721085773,0.6108724898346329,0,1,1,48.79949098924851
536.0233330733001,18.933016477537844,0.6409657121120912,2,16.30614652027938,10,5,8,0.4669557999743485,0.6723102365535116,0,1,1,51.132608422480395
159.7432254956376,23.449987623545915,0.7005043675138659,1,2.4517603724033474,2,5,4,0.7649917000046631,0.9115329701160506,0,1,1,44.267246540159086
136.1772048180254,19.14477268626797,0.12684822310179575,2,13.749019245859694,13,8,9,0.5686298501001334,0.9968982303434815,0,1,1,40.927424675584945
471.9482420977036,8.050780858285227,0.8957804093071363,4,14.540888613901409,19,4,16,0.5040976302130132,0.7079001145412771,0,0,0,73.13735681712993
478.44458512707456,16.525767203336265,0.14417559110375155,1,4.973236204898273,17,9,11,0.6278509137515905,0.8687316747309202,1,1,1,40.460078378563885
546.2009310487446,17.13430092765712,0.5601018850059098,3,28.37094441000847,21,3,15,0.8808674657337722,0.5288587170356727,1,1,1,78.92888253129347
608.263933605863,13.48261342604772,0.702701441533279,2,25.499261144419858,14,4,2,0.6352561461427436,0.5140207702131038,0,0,0,60.85258476218078
783.0964556237742,19.728884712494455,0.8403237551841727,1,20.07067011987325,12,9,8,0.8504617895266334,0.5818926046961921,0,1,1,67.37661846817701
461.41024381083673,23.687340295380295,0.7069738923125636,2,13.868866830018217,21,4,14,0.4752917780794904,0.7707550838715543,0,0,1,69.33746577042541
326.06953105887214,23.51137025813553,0.781468870609323,1,12.352966247535255,12,7,4,0.8636628517990474,0.7775341824785691,1,0,0,57.38149928674064
656.6303363380925,14.016787428082642,0.38853266366138517,1,19.529204014528624,11,9,12,0.5421599949439893,0.5206676042546156,0,1,0,52.34527569579071
289.58257588345197,7.264760916815105,0.7926013466845353,2,16.362956082207162,7,7,13,0.8064358779333236,0.39324694689564005,0,1,0,61.32816623631904
407.27999449394525,24.69682397924669,0.16809761942697388,3,1.8681931764565685,4,1,19,0.7394689329045978,0.7426773795258559,1,0,1,44.638502290364485
154.9194669395862,21.777961728918683,0.8605941576514484,1,15.375079463109952,19,6,14,0.9574868303270124,0.38982810353213515,1,0,0,50.280170886230565
117.74552039082026,7.493253624065337,0.5654535197306758,1,24.192108516985186,1,7,15,0.6323935107851885,0.7049447557605311,1,0,0,47.77371742893278
773.8538902745476,23.416837652347446,0.7947031044681196,1,13.777196327908742,24,5,12,0.4396991133006643,0.7853954896394162,1,1,0,57.880196762425385
685.1860843585441,22.397927241242567,0.48447054184055516,3,1.5586973266280524,3,4,16,0.41149329133075174,0.7904280474761161,0,0,1,41.06542230541905
587.1819442655885,15.376761142521442,0.6470410409170462,3,23.588345981520995,13,8,7,0.8961151365836519,0.8274304774617176,1,0,0,63.26030186781645
386.26706108998894,16.825508714898586,0.5474422617956962,4,6.040913464079232,15,2,1,0.7148413825968594,0.9110015950959651,1,0,1,63.13496229995969
221.30602404959205,12.980054077402606,0.721851093492032,2,7.758625046641163,2,9,4,0.8651464311009696,0.649971294375352,0,1,1,43.387488123321134
209.50592986976022,6.095232776440627,0.16938548472600112,3,4.941190602968877,11,3,5,0.5406553600069088,0.8111744326706998,0,0,0,37.705301688205
275.17002871521674,11.703944832918019,0.15129927139197924,2,9.906451946144927,4,8,11,0.6070502473079402,0.7334209147560857,0,1,1,31.922330385146452
484.45866529428434,21.057068971960227,0.31003774890862446,4,22.70254517065905,19,5,17,0.4180623233267914,0.4306479578583778,1,1,1,59.66809515298907
600.2171458900436,5.092640460092057,0.2356129780962101,2,15.58157578511812,17,7,0,0.9768953947444673,0.31798275140858573,0,0,0,48.70748308528134
562.1381637024119,11.669983433822884,0.8410160316033714,3,6.1464382245213764,3,6,16,0.800720744020488,0.4991789699738536,1,1,1,58.2750973605212
295.95372786216,12.963373871818867,0.28633188925433767,2,26.334902344561225,18,1,10,0.9599230526555838,0.6101235944363336,1,0,0,62.366011296440725
768.4056964642359,15.747912058758457,0.9294854674462616,3,26.387455648545874,8,2,9,0.5592978444574435,0.7319741611000594,1,1,1,70.93153284326323
616.527841687038,23.39711232825521,0.38636142300544085,2,26.117352751380206,22,0,18,0.7668781667353965,0.8949715313522437,0,1,1,66.44252225411292
488.04783675798046,11.926919887319226,0.2548002283353944,3,7.163886341446179,24,8,13,0.8070999809755828,0.4373720016943159,1,0,0,52.77165648097577
528.2045223640466,11.939064037924554,0.7712437310711072,3,13.537180325429643,19,6,9,0.590529820154553,0.38788485292893393,0,0,0,64.46282000070016
393.72004369945296,19.750024962194967,0.6599016091757447,2,29.54968968422625,5,0,14,0.908865541009378,0.9744359632320292,0,0,1,71.08564789165776
273.4116926508102,14.044358817796143,0.5234663589851681,4,23.16037428929971,7,2,18,0.9682968777401487,0.37563119156348496,0,1,1,72.44557932288996
349.1808750558831,9.49209645879964,0.5720590182969866,1,0.8150226367667945,21,3,3,0.9309130706176026,0.6349437490750324,1,1,0,44.50775618062434
630.4922773250584,14.048790322653868,0.7113215115314242,4,1.9561377378147615,8,3,1,0.8434401855636235,0.7098946101553113,1,0,1,56.34345769195401
110.0754420408291,7.817140407595997,0.2941865301316039,2,13.917941304369982,5,4,8,0.5664788078349724,0.6789620946352067,1,0,1,45.54334417638221
181.25084835484137,8.527739730124466,0.9468838286482306,4,27.276606175846805,17,2,9,0.568969625263379,0.3602225099230602,0,1,1,83.53457034887177
132.20184941522692,14.967355454789594,0.9285741878247656,3,16.161053938581425,5,2,10,0.9780161922676227,0.33991883980253357,1,1,1,74.97203555397473
128.5101616232791,13.378508990090959,0.6527768333948963,1,14.934375241028707,4,0,13,0.4061706975614152,0.37383839922272494,1,1,0,43.46932131983576
698.8224088077051,23.296918021362,0.26961108328977335,2,3.1642109986989175,22,6,6,0.8296299839452868,0.7099113787108287,1,0,0,39.62690982938152
592.5605015660166,12.247877982332662,0.6781940060665976,2,19.70340314172882,19,9,14,0.8237476975331572,0.6810414213440248,1,1,0,65.71602649259121
431.92168036112764,16.61176700556087,0.16136864763229947,2,24.663094818006766,21,0,18,0.7736137245698784,0.463618554425721,1,0,0,46.92385433768821
168.48391245570105,17.645285758390607,0.12605462687493516,1,11.41260022522687,2,1,14,0.9940653076521194,0.7464418992919141,0,1,0,34.74754387116535
444.13111258178265,5.261889131766672,0.31903045523453166,3,23.268355527759823,11,3,7,0.5871276614582351,0.8740472514389546,0,1,0,46.188902014578865
431.43023954639597,18.270747440334212,0.4932295132284189,2,28.934299617024347,22,3,10,0.603983118275949,0.3291052718926156,0,0,1,73.5821023880723
221.24130893701061,8.560719337395028,0.8380316295971234,4,6.112993773830673,13,4,8,0.44736364176793336,0.6486909604836297,0,0,0,61.33775184648785
403.6961544665811,24.221406349389103,0.7180937093013617,2,15.699888935842239,15,1,14,0.6656788819262425,0.7825172884718832,1,0,1,63.255974316444146
378.9533140781614,7.973254555062259,0.7313005430199838,2,8.614138742537266,12,3,0,0.5566291157409089,0.47661834894878097,0,1,1,59.1478291091134
531.0950686365516,13.292482474540474,0.4616693342808641,2,23.78563257101518,22,0,0,0.6060320213065865,0.5154396337052043,1,1,1,66.60132001150637
544.5655556073507,6.706993361572877,0.3940447436649185,2,17.327800976434727,21,1,18,0.9007430741533766,0.7295465320925687,0,1,0,62.78028145785762
131.71280684043117,24.937485036918947,0.41538294853691227,3,19.037472526509113,22,0,2,0.9612907081164974,0.9285547054106158,0,0,1,75.46412610709885
362.22883023852984,15.043900206624851,0.9395021291756491,4,23.93742478847682,11,9,9,0.5114398432031114,0.8669470942120294,0,1,0,76.95393319151005
538.1019409999654,16.907700346400876,0.1340928127006101,3,11.879114179873646,7,9,7,0.6235053589320796,0.7081911533697085,1,0,1,37.80934975022885
452.1953810060614,6.34152954776855,0.8369767717040812,4,27.452702052211297,5,3,14,0.9571783372692364,0.8111552024300743,1,0,1,77.33111890187485
699.5428888318256,19.999209407983557,0.5918740972865344,2,15.9908660173842,17,3,9,0.4370850764135336,0.5553757291454591,0,0,0,52.906295244323225
561.0855421332615,9.198111861911716,0.4728231063111519,1,4.73864468506044,24,6,0,0.45541631686682715,0.7486758696691304,1,1,1,54.199940635030906
214.05409895700078,22.961085788814273,0.716469011352866,3,20.876973545064075,20,9,17,0.49767459352373766,0.6263271137892898,0,1,1,69.48850190145848
149.3981231803009,9.102792809640142,0.5136686002109975,1,23.797840513147634,9,8,1,0.7571277004761249,0.4329552955202926,0,0,1,53.29663589530705
549.693494744421,8.813754413273331,0.8424097523694114,3,9.5028503120258,14,8,18,0.4902833626035985,0.79121679171408,0,1,1,74.35819684337639
118.55791737913526,5.730993356961898,0.8655965844095697,2,25.71537770996259,12,4,12,0.9808458288704401,0.6895252461441754,1,0,0,70.54607463479879
510.0429068914243,14.441338902199984,0.4584627878424371,3,27.184297642972993,6,9,0,0.6680287163551122,0.5510351073675139,0,0,1,57.98855197964411
758.1611689974703,16.29682266525233,0.3353036276497938,2,8.307134621334267,17,0,1,0.7009107762100999,0.9379374330550414,0,1,1,53.87922364639693
502.83192451311527,6.314172788567047,0.6034977793043579,3,29.505644181456663,19,0,15,0.5479951694832439,0.3146538824787133,0,0,0,67.19791252586325
371.7189483445653,20.51055233390021,0.8755088437741873,2,4.221345841462752,19,5,14,0.6825761514608402,0.5210412058746472,1,0,1,55.46246760101459
550.3017529096472,14.065776694960553,0.27906286065481656,2,6.060470052074699,16,1,12,0.7971481795822069,0.33981697844435255,0,1,1,49.38733628977499
420.77702334406166,15.487805386551601,0.6295215960289603,4,5.526745177140784,12,7,15,0.8507062821724256,0.836569121355139,1,0,1,58.72485649063291
481.93175252115446,13.815254938764562,0.6368261870786425,2,26.819691300236112,12,8,16,0.8523208496259478,0.7914752178796548,0,0,1,69.38309239012231
759.0253661435676,13.01526121750652,0.7231460690529888,4,19.628776569748855,20,3,6,0.746734667616453,0.5319465531154219,1,0,0,71.56661699089376
370.27184646054195,16.19280662616436,0.21183253235817084,2,4.563128496668186,6,4,16,0.9426158649963143,0.7729640315449511,0,0,1,39.9385463102278
772.83339467674,8.10480491861425,0.7084512199797752,1,13.20970255105047,23,7,6,0.8904447083836656,0.5771560583371649,0,0,0,48.4448619794594
733.7454493692446,8.638562609905422,0.8726776425657948,2,18.458940752094062,4,2,12,0.8542288688191753,0.8293776539957041,1,0,1,64.399969342544
237.0537943525075,22.235712420270346,0.2527306425397057,1,2.5039225496814987,6,4,4,0.4333633130082764,0.6179285639156942,1,0,1,34.648662226218576
148.55291061261582,23.922309242672654,0.301911826185296,1,26.47249105222016,11,2,16,0.4041267773317896,0.5885958094821658,0,1,1,55.36715657389265
170.54460096419865,12.466186325595059,0.9256858299353936,2,24.108106063246055,1,9,2,0.5274683663172838,0.9543109408418107,1,1,0,57.0324320660728
112.75527795608481,10.414893462871076,0.2538304098030663,1,15.156203207299146,24,2,6,0.7981141563480714,0.47561536992349013,0,0,1,55.83125739228199
166.11007252914987,17.879990864780314,0.8262273293641422,4,29.013798457775113,23,2,16,0.6467184933295275,0.3843131379975958,0,0,1,82.51095403726302
578.1047413914498,13.174683421961928,0.5184361779808295,3,12.532829378252991,15,6,6,0.6414437555795871,0.7091801792816207,0,1,0,52.24598208019444
149.8320539221603,5.507727113206897,0.3101464132427005,2,29.523309571094934,11,6,0,0.9307521329377683,0.9785252685989252,1,1,0,55.67682461808702
323.28294120563294,8.123051947323807,0.8401374160816346,1,20.03759996410881,19,6,16,0.9373377088791033,0.5644874496090306,0,1,0,66.45235534388479
691.4127176786182,19.31944457694795,0.4785094667522657,2,19.040138197618244,18,9,16,0.9455051584321514,0.343425734540147,1,1,0,61.527722006123355
116.2903550150781,18.178478838203027,0.5375947508402367,4,4.9786468588735495,17,7,10,0.5883268459090164,0.5375136871166972,0,1,1,59.540700005942
670.127937812255,5.54191985006967,0.4053483639898008,2,26.45783274913932,19,4,2,0.814633487643557,0.6541521580236909,1,0,1,64.4854429507217
297.29834234137996,9.439443238658988,0.6040082237196883,2,12.824690637618454,21,4,14,0.5629799087646218,0.41334610464254956,1,1,1,64.30312624605301
182.71537933515938,9.621495931761428,0.23899529169726935,1,4.867002173474381,14,3,10,0.5143658998446698,0.7606715526395444,0,1,1,32.498236677043515
587.7160157549055,18.43785487197457,0.4324193061539966,4,0.3782255992727712,18,6,15,0.5107794744084215,0.9984245723071403,1,1,0,48.738559972415246
540.2599927459188,5.394210755087283,0.9240004739849943,3,16.792670509151478,19,9,8,0.6052645725181565,0.6162176331870106,0,0,1,80.67776792532175
714.2304094689371,7.082171639691477,0.31941341779595844,3,15.82198866368029,15,3,0,0.6579745718678931,0.5483099897111489,0,0,1,57.34822170251982
614.5497306627201,20.998321707463788,0.6582261648600983,1,21.580608671074756,15,1,15,0.898569502633041,0.5804929167841266,0,0,1,61.44049711621261
662.436651269394,8.570893241086672,0.3764115545909906,2,26.707741590534063,4,3,8,0.4719346560836273,0.3806023248766408,0,0,1,43.055082050303916
297.4242007999145,18.054922157037495,0.7574521568336106,1,2.3821975392908854,7,7,18,0.8409555084369364,0.9182915209983566,0,0,0,46.8170000412041
224.20768064580597,9.76365562093453,0.21124261161059738,1,21.94489471021087,13,8,11,0.7188729485135832,0.5903779588649464,1,0,1,39.76445142507079
625.4303261486008,6.988827855186903,0.924347888316763,1,5.622358322927466,3,2,18,0.5727672056055955,0.5710920879973889,0,1,1,49.549301204041605
664.7843174870848,9.863443819989081,0.4857211101760933,2,25.74531159471492,16,6,8,0.6956917507196947,0.761783191051332,1,0,1,70.49574982706304
793.3535994004714,19.44533863711318,0.3006428938444944,4,24.571905415849685,9,8,6,0.5799652418662136,0.6094233946517864,1,0,0,57.63111971599827
388.83237383799855,22.113929362125717,0.16247223523051077,1,16.22381264956633,8,3,13,0.7576491731429835,0.7537634281654921,0,1,0,25.46708113882267
360.4126600549482,21.604397291339833,0.24429421932440962,2,21.307283958699344,20,9,18,0.6603063537131466,0.34301240309155123,1,0,1,55.35406562648932
643.4890725193978,12.943670592369097,0.541807856272615,4,9.430503395512451,13,2,18,0.49864331744732726,0.8696063406055592,0,1,1,58.07985325634152
338.5624781771125,18.361702731412922,0.38645269996659337,1,14.135036967984439,17,4,1,0.46994984473341805,0.9583527670155818,1,1,1,43.08961425643894
751.5301279224954,9.09968590831642,0.804550861000218,3,24.64910693131415,17,0,8,0.7280174092432781,0.7541357703115701,1,0,0,74.74522320721711
700.8889262901083,10.862954605220265,0.4662543951125351,4,13.777955915196417,17,2,12,0.941447819971662,0.9681961502011676,1,1,1,65.16970550360917
400.2958191625128,22.926716370422394,0.3114071316994854,1,10.733947959763254,1,7,14,0.6063746119346114,0.4060026200589743,0,1,1,31.51426828393689
625.6097474540481,5.26003847021472,0.6245732386134255,4,14.826373417508997,8,7,2,0.8398000643335739,0.6341913326362476,1,1,1,65.61062900205935
628.1800118592777,6.710170617089362,0.7007606343526289,4,24.84747757311655,19,3,10,0.7951968129638602,0.7212647137618131,0,1,0,72.41667312326348
172.18670818515284,9.157725102920546,0.24198562171580737,4,10.056241421126181,6,1,13,0.9589329485856886,0.7072156531948306,1,0,1,51.167816520055524
731.7870346756966,5.530644077476394,0.24247633384507,4,5.212847794072314,3,7,7,0.8925886103794844,0.5810232453623303,1,1,1,41.4138997605238
453.6766607135,8.628708701795947,0.13117071289351154,4,21.360420609923423,5,7,17,0.7399631553432777,0.536659086556383,1,0,0,43.566021476522934
678.5202262754192,16.66083121939384,0.7259417128057944,4,24.779346381242455,13,9,18,0.7942182989404645,0.38877681578529316,1,1,0,75.9485315531442
324.03472072142824,13.428491011849959,0.6642338484785343,1,3.019124355706,15,3,15,0.9390318799504209,0.5742197153935946,0,1,1,57.42454058320026
726.8662599473404,22.853434221539498,0.5034362443873418,3,7.196223382678342,14,2,1,0.6397112707521608,0.41386257057383957,0,1,0,39.473723911416826
372.4411751139142,21.34887123476882,0.8175448816238176,2,4.259159692829817,23,1,7,0.5960768235146664,0.814055973544553,1,0,1,67.4321985660366
107.58635603620885,11.83634703395752,0.7848196300075452,4,10.438242347465,16,8,5,0.40648665018111785,0.44618165484621297,1,0,0,68.39214693104246
733.7673834934845,10.18846866862585,0.5975512097372393,2,13.510529367162379,18,0,11,0.8959306445148785,0.3409957136991737,0,0,0,63.68472497088797
163.9006737502935,12.593848163345339,0.8380305884362698,1,22.464790108899194,22,6,14,0.8805884202420189,0.6866562964720639,0,1,1,76.90850870656031
323.51954631329045,16.805898850296153,0.27496502853125304,4,19.534427546450225,22,4,7,0.4626727108600909,0.7166608129035811,0,1,1,57.394944437970395
765.0433769355634,10.361272816457525,0.1951316764880687,3,18.627857024352934,11,7,3,0.7461144286796202,0.9103391428963539,0,1,1,56.28526584722633
765.4250028562893,17.482978156982682,0.32928716978944117,2,10.571248398289633,3,3,14,0.6783890189001325,0.7038871286923774,1,1,0,32.18317808225996
501.40652168630027,13.188233043824809,0.14852382767591762,4,25.243426592542797,22,6,19,0.4712254573054669,0.541836597606412,1,0,1,60.19127762227619
542.2860485188595,16.040943617039606,0.5514940988008772,1,14.138615021944936,10,4,16,0.9883409362364342,0.8621083170684243,0,1,1,56.829928044920166
413.91186538482384,13.722530582706334,0.8961148384507173,3,29.373148140454635,10,4,12,0.5288175324780133,0.6781952252311947,0,0,1,73.37089863166703
305.2475401886452,10.889315190838353,0.1334420095682332,2,19.024264148872106,21,8,17,0.4403405080543367,0.3554961992418342,0,1,1,42.23498759612534
330.0651817589412,23.969066139243132,0.20379342690852278,2,3.7879422469350823,16,8,1,0.7569084277011457,0.6960953922192726,0,0,1,44.117525469107676
570.7629192539268,20.272115883195216,0.48436917404091995,4,20.28532686226302,12,8,12,0.8433200062798196,0.9356129817951637,0,0,0,72.70201245607187
626.662170606376,7.8022635153290505,0.8937937648987191,3,9.75312046295097,2,5,12,0.4194660676283122,0.5774188378487544,0,1,1,64.06381977351977
654.1053306080939,22.369359517958255,0.36873268923023794,3,20.589815900582924,9,5,14,0.7952305832362133,0.5074280613298601,1,1,1,60.463901674891
652.7326999561877,14.748623964990273,0.5311495873851335,3,2.0892344448721722,24,4,19,0.7193751255708727,0.400428619912614,1,0,0,57.06913211802258
163.84427213408327,22.89104453788183,0.13533693019283327,3,5.246443115278781,3,8,9,0.4619590053250291,0.4060118653547501,1,1,1,35.445983515237806
446.094213291807,20.997105118946305,0.22609172081777554,1,25.67211776717359,24,9,2,0.5035143261678172,0.6029400390392732,0,1,1,57.346841406570505
140.291132011651,13.504270089384669,0.9386356045150198,3,6.815386710705447,15,7,18,0.7407845783896483,0.7169758769130706,0,0,1,73.43847364237595
484.6702176266149,5.449386166402348,0.9203508919706387,2,25.1112337572882,3,6,2,0.577814568107973,0.3564307836187212,0,0,1,59.3698334028812
409.0713509613639,10.373547187698922,0.10419898379424818,2,8.378282653632313,19,6,13,0.9629894371907897,0.957698012317616,1,0,1,48.0273022136262
721.3929279308098,15.832684293217339,0.9090400176097531,1,19.286457301761228,18,5,7,0.8912441376904305,0.8285935322116371,0,0,0,67.32950673621002
345.6405087864551,17.669564396522944,0.6432519471431752,2,20.82451720529493,8,4,3,0.9901403239081978,0.7106367427985638,0,1,0,59.32967099328949
181.9469114993241,10.157753708664046,0.8377305503420187,2,15.379642594351587,17,3,19,0.5558025033702484,0.8799070696572935,1,0,0,60.73571088141662
200.0941774369851,7.787121481456483,0.48652887728878025,3,9.159320300901939,8,2,10,0.9818341796787862,0.35613072976847926,0,0,1,55.95351452209944
633.0574422022306,21.69860473598598,0.5382566242923627,2,6.379331291132884,7,2,10,0.6587403218749348,0.6337872144131871,1,0,0,37.76728549857005
532.7526443213827,24.68804361407104,0.5155195932183821,1,0.9956806368727866,7,5,10,0.6085112771882528,0.7410651888031643,1,1,1,36.200538956738164
170.7858732859532,15.513803646053717,0.6668346189141886,3,9.118392037221714,3,3,1,0.43020971618161197,0.8800570342828025,0,0,1,49.566949357209765
158.8747642804982,8.43358571696607,0.218703566542866,4,19.59488371593849,1,5,16,0.4316591547157616,0.8484286920344875,1,1,1,53.10283100059103
590.6783920213841,10.446146530387379,0.12547755139177627,3,28.14914455345448,4,2,8,0.8152067535679928,0.49394847479937976,0,0,0,46.743615304353796
150.93410445493546,5.367813530949334,0.36174045035251223,1,26.136134467891562,5,3,1,0.6747573966604168,0.958616118691443,1,0,0,44.26279601691399
675.3020415032494,23.28597613120998,0.6989786483261496,3,22.98194329605908,1,8,14,0.5359129756216634,0.38704208900160925,0,1,0,53.56784670663433
594.3695590095474,7.355021657802823,0.27157543430450615,3,23.65342029759896,15,4,15,0.7683821837951397,0.9125935330348065,1,0,1,61.432402480728626
156.94414644932982,16.53032951028507,0.6724175683261797,1,19.94954710427986,5,6,3,0.5517148709500668,0.9796581747232329,0,0,0,58.748539296771405
159.38639985963434,10.48110441374412,0.9244252391911798,3,7.80860572698009,13,9,7,0.7465790526066536,0.42400746625583785,1,1,1,60.39172050266784
790.6477049508228,16.083560050315867,0.17981560842100563,1,27.215850921174894,8,1,8,0.6155252481896142,0.8054462449426496,1,0,0,45.64840256175508
361.98955702928424,18.028407767037287,0.6717118004913573,1,20.121969357175022,8,4,4,0.8941313359670915,0.3281998631445989,1,0,0,55.05762461840634
359.44950294682366,21.594836074144034,0.4771876864088854,4,16.8132189294132,5,8,15,0.8924176964600676,0.5837959775974084,0,0,1,55.95277307222921
668.9596970802518,9.128425435212064,0.8379209162208795,2,3.3296840764044324,9,2,12,0.6864102388734408,0.6613983094383717,0,0,1,62.76287725759571
763.0740041687011,5.219916573169609,0.250577321030278,2,13.411666314192763,1,8,6,0.6104914656010094,0.7064516581367438,1,1,0,36.89200570813405
790.2007446760097,7.7377126013761455,0.6887320593922398,3,13.81074813605779,4,5,19,0.6175358779354567,0.9551560737739917,0,0,0,51.931599837881464
627.3647296812592,23.0003728369621,0.8123979962008936,3,25.9369082856801,3,3,16,0.8834287154009307,0.7705754811059362,1,1,0,58.10331000628792
363.381709871641,22.477801551250305,0.9029220865529197,4,16.399446605633653,2,6,2,0.5969076896785672,0.6368945658534659,0,0,1,69.51991089889194
158.45050168906812,16.948262043406167,0.6807608240461989,4,11.41201646911229,8,7,4,0.5254356242241076,0.8667725253861225,1,1,1,62.19532664618592
644.0028411492058,17.010337208673068,0.5225985494071632,4,29.30400985531978,23,5,18,0.45081300512518413,0.9653729746680861,0,0,0,68.19539332068976
490.8829748150635,18.30073349092511,0.6251701541710317,1,3.32161779978947,9,4,11,0.6800158725306451,0.3154463040776036,1,1,0,33.27883468667355
396.9554064728834,8.507425572468993,0.8385692368069104,4,12.676452849358338,2,5,6,0.6892792593519051,0.9877648905792271,1,0,1,70.98221205245892
734.4480695663152,23.288238918499196,0.5850182846430052,4,1.2607402551421587,14,4,8,0.9045452262417443,0.36029249734457625,1,1,0,42.859482255253624
177.83823761430594,13.375410497841463,0.12582900074231135,3,22.19712362300791,14,7,5,0.5327432178676383,0.8700707454881329,1,1,1,54.472152119090175
444.8375730036014,12.662770564989948,0.891306391180931,4,27.542296565974517,4,0,16,0.62859476420104,0.4962343267859887,0,0,1,75.33065717879698
107.94755133719335,15.37835410565675,0.686097738376827,1,8.401119886514683,6,6,15,0.8850434433362145,0.3925257604277102,1,1,1,51.832516119582486
428.0624493958884,5.939319335501101,0.6750363779106595,1,25.750250303973626,11,9,2,0.8941741664493841,0.6078989477996843,0,0,1,63.27763622749346
139.41229297728614,8.325667375121588,0.2833238795380596,3,8.766546913856933,3,9,3,0.6307666455872609,0.7507696056133295,0,0,1,43.92197030562057
183.17254138765034,19.76067232852741,0.6600526496977586,4,27.323104849317456,8,1,9,0.6754744139720086,0.5666662915164324,1,0,1,68.69118409846978
182.26837274397343,6.655973358502529,0.4347847448060347,4,22.61885710790352,3,8,4,0.5819715345095697,0.3381957857978892,0,0,0,52.18745010933502
554.4472114812445,17.063042189327764,0.6535480304852682,1,24.14720330524316,14,0,9,0.9595329270515872,0.7196227977611016,0,0,1,68.49343910146192
622.2314154857963,9.906982193626419,0.1906040757617921,4,0.540196668013635,13,9,11,0.4711862594449482,0.9316822932774722,0,1,1,44.00288680207705
508.35813556801173,12.785912280839531,0.6591685089125806,4,28.884310712220778,13,5,9,0.960249653800882,0.5682507561630761,1,0,0,76.17654693968986
773.5207839321794,10.773874735413997,0.9495016669050665,4,21.800129762109698,2,8,12,0.810319871101206,0.4514329443415789,0,0,1,69.93922678402019
362.4094056665928,12.113454329298982,0.1409802330314726,2,9.142532861584,13,0,10,0.7189432916120387,0.6098041421529707,0,0,0,32.90950971612783
299.99846039730255,19.38091810368491,0.9305980565881197,3,24.881839945765407,19,3,15,0.4195954364706975,0.3338538977341466,1,0,1,75.15435965211852
708.0193897326222,10.9424343124635,0.44587176661444006,2,8.445635952447898,6,3,7,0.685357715093205,0.8743413091361922,1,0,0,39.949411885411045
256.51708696361686,16.328092805937942,0.8401404327866703,3,26.18261518698384,16,8,7,0.6446488630016394,0.8784385676651307,0,0,0,81.14088559135385
774.2557776084279,14.521008043981993,0.7650276614495324,1,3.3774117123581107,2,4,7,0.49673128718507353,0.7116003244007398,1,1,1,41.90685836790065
108.50813228287144,18.273423307252962,0.5819638218386676,4,21.110579323823874,8,4,12,0.7938457621003941,0.5471720222568726,0,1,1,61.28915463783675
778.9151786953473,23.73659478649516,0.7276818278636275,3,16.22095429934731,17,5,1,0.9826905444209715,0.8598483551120484,0,0,1,75.92880002782996
130.21193836540328,19.651441944205004,0.8467382271061457,2,2.896034105863224,23,0,11,0.7373132866387151,0.6882809173518569,0,1,1,71.18059082741203
723.8001795886497,9.298807571815136,0.44351927340337804,4,7.2568148477651695,2,0,9,0.8288519658663676,0.8781526159850113,1,0,0,40.71667824660531
469.3907763604099,5.623662701225694,0.3779781873287529,1,0.3721210883194437,10,8,11,0.4410702715396101,0.7420211548081144,0,0,0,39.322288608436004
795.0753572835102,10.245280885996502,0.6674543777290469,3,14.063038963935174,16,2,10,0.6506001974901969,0.8490838312489581,1,0,0,63.07629478392364
151.6575953147792,16.901558614005097,0.7866690506500698,3,9.037957822800012,6,3,14,0.46981509109869757,0.718994095252432,1,0,1,62.93795206729318
487.69799908092455,6.0285162696850065,0.7479423645601233,3,17.950724528932763,2,0,15,0.7676775013219063,0.5898987477509663,0,0,0,64.81704754994934
778.5117749333692,14.927324944024727,0.7781416015298392,4,8.917134231258515,2,8,16,0.9630892949284927,0.9705621019482962,1,1,1,69.83579587263264
466.16849091910416,16.936856978337786,0.47024581759099304,2,8.99757334520954,13,7,1,0.7970666394829831,0.6787796774151913,1,1,1,51.21764355473687
540.5790466946837,11.684877816339217,0.7951590837487683,2,22.2957959619481,24,1,17,0.44608182898865295,0.7235626629783769,1,1,0,74.78575881283061
587.024082289232,20.418244074916437,0.20217769706501718,3,1.4442850793506035,15,7,11,0.6127997229910497,0.45434134759032446,1,1,1,41.9508904487343
418.1787453374413,7.131965062675436,0.5628157332667221,1,27.086849855759617,2,6,18,0.730398027664511,0.7379555525990935,1,0,0,56.338553566020195
539.2906560588444,6.502755634716175,0.10489486142340335,1,25.567916231735445,7,5,17,0.6419246536799513,0.7001253546380606,0,1,1,49.06137405941896
509.02001834617016,19.563775124072066,0.37589795541522975,2,20.034140496792194,3,0,16,0.9001864062851034,0.42938687856291746,1,0,0,39.627347832786796
730.8106073436923,14.90982632412397,0.4114923046406882,1,17.796647103221527,8,6,5,0.8888026028259935,0.3417109681472006,0,1,1,52.327287070249305
131.81246623902052,18.768047928554722,0.436746787867867,2,26.769074944189565,23,9,14,0.7670986120619329,0.7230515238003397,0,1,0,62.625237745883226
296.6742327145612,13.696546772074925,0.6911471256863828,3,5.559905385861433,14,6,2,0.6240747670796232,0.8345845885452243,0,1,0,55.19564115860819
765.2880388535912,9.928040664782136,0.43027438607979385,2,2.3690748657248584,24,8,5,0.5532018242579465,0.6663809596454058,0,1,1,50.88700161123088
723.1846487236414,21.382046353483993,0.48138957922915104,2,7.185305097286143,23,0,2,0.4635245909278776,0.45874083772375196,0,0,1,52.89569196083963
418.95972694999904,20.988317579379583,0.3019125112431783,3,23.83734836100571,22,1,0,0.6129386100919324,0.7665653836851244,0,1,0,66.97878049178931
534.0928184610757,18.893929417088536,0.417264022884939,1,1.0401080017944997,7,8,12,0.6479035103246318,0.35607400862672156,1,1,1,27.588493032987444
294.16682808679286,10.442902744599253,0.29317918317367875,2,17.484205052504688,21,8,13,0.8054937550624441,0.6092835933613682,1,0,1,48.04115092996251
231.68481180663292,16.804613337381742,0.16221653520317708,2,29.8631254857393,7,5,12,0.794895894578544,0.41435673087889413,1,0,1,41.82953862177356
424.5888834579875,12.219477938800535,0.6129313043741712,3,25.670882815126184,1,5,3,0.44206488378475417,0.42912133574191835,0,1,0,59.263837844212624
347.34655961823694,6.831641466532683,0.6679808787717638,1,15.643370671307684,17,3,6,0.6371555892586946,0.4416057644107425,1,0,0,49.13073739932706
508.55927829561045,23.346271509244858,0.6265667941081723,2,1.9092272785992703,9,3,9,0.5090673203304171,0.5706949399307846,1,0,1,46.57490225951054
154.41424587548937,7.736372618379228,0.49396993723048654,3,24.941205431571294,21,4,6,0.4940876231900834,0.3358051439342783,1,0,1,66.34288473557812
782.0763653663165,24.00474707641605,0.4228179131523453,2,17.969355245316315,13,2,14,0.8963812898423476,0.5784554086503687,0,1,0,47.38832179658999
790.347521135722,13.920115459159115,0.8338336021360514,4,3.4479899117870048,21,0,14,0.4251491300297545,0.6581952129802906,1,0,1,71.71352155825038
